Rk,Date,,Opponent,Result,Pass Cmp,Pass Att,Pass Pct,Pass Yds,Pass TD,Rush Att,Rush Yds,Rush Avg,Rush TD,Plays,Total Yds,Yds/Play,First Downs (Pass),First Downs (Rush),First Downs (Pen),First Downs (Tot),Penalties,Penalties (Yds),Fum,Int,TO,Year,D Pass Cmp,D Pass Att,D Pass Pct,D Pass Yds,D Pass TD,D Rush Att,D Rush Yds,D Rush Avg,D Rush TD,D Plays,D Total Yards,D Yds/Play,D First Downs (Pass),D First Downs (Rush),D First Downs (Pen),D First Downs (Tot),D Penalties,D Penalty Yds,D Fum,D Int,D TO
1,9/7/2020,@,Navy,W (55-3),16,22,72.7,279,2,49,301,6.1,5,71,580,8.2,12,15,1,28,1,5,0,1,1,2020,4,8,50,30,0,38,120,3.2,0,46,150,3.3,1,6,0,7,6,54,1,0,1
2,9/26/2020,,Troy,W (48-7),28,34,82.4,472,2,46,194,4.2,4,80,666,8.3,17,13,2,32,2,15,1,0,1,2020,21,36,58.3,162,0,18,19,1.1,1,54,181,3.4,7,1,0,8,5,50,0,0,0
3,10/2/2020,,Louisiana Tech,W (45-14),24,26,92.3,325,2,38,188,4.9,4,64,513,8,14,11,1,26,5,50,0,0,0,2020,22,33,66.7,239,2,31,74,2.4,0,64,313,4.9,9,8,2,19,7,58,0,2,2
4,10/10/2020,,Texas-San Antonio,W (27-20),22,30,73.3,292,2,38,178,4.7,2,68,470,6.9,10,9,3,22,7,55,1,0,1,2020,24,33,72.7,287,2,28,72,2.6,0,61,359,5.9,12,4,1,17,9,79,0,1,1
5,10/16/2020,@,Houston,W (43-26),25,35,71.4,400,4,24,78,3.3,2,59,478,8.1,16,4,3,23,9,73,0,0,0,2020,21,33,63.6,310,2,44,128,2.9,1,77,438,5.7,16,8,2,26,10,113,0,0,0
6,10/24/2020,,Texas State,W (52-14),25,36,69.4,352,4,39,247,6.3,2,75,599,8,17,11,2,30,3,33,1,1,2,2020,17,31,54.8,150,2,26,117,4.5,0,57,267,4.7,8,5,2,15,6,55,0,2,2
7,10/31/2020,,Western Kentucky,W (41-10),21,37,56.8,244,3,32,166,5.2,2,69,410,5.9,10,10,5,25,3,35,0,1,1,2020,19,31,61.3,106,1,34,156,4.6,0,65,262,4,6,10,1,17,10,96,1,0,1
8,11/6/2020,@,Boise State,W (51-17),22,28,78.6,360,3,37,213,5.8,4,65,573,8.8,14,9,2,25,4,33,0,0,0,2020,23,38,60.5,249,2,27,61,2.3,0,65,310,4.8,10,3,1,14,4,48,1,1,2
9,11/21/2020,,North Alabama,W (66-14),18,26,69.2,277,5,33,278,8.4,4,59,555,9.4,11,12,2,25,5,43,0,0,0,2020,26,40,65,305,1,28,49,1.8,1,68,354,5.2,16,3,2,21,6,31,2,1,3
10,12/5/2020,@,Coastal Carolina,L (17-22),19,32,59.4,240,1,26,165,6.3,1,58,405,7,12,8,1,21,3,20,1,1,2,2020,10,15,66.7,85,0,54,281,5.2,3,69,366,5.3,4,18,0,22,4,40,1,0,1
11,12/12/2020,,San Diego State,W (28-14),26,35,74.3,303,3,19,83,4.4,0,54,386,7.1,12,4,0,16,5,25,1,0,1,2020,21,31,67.7,230,1,46,182,4,1,77,412,5.4,12,11,0,23,2,25,1,1,2
12,12/22/2020,N,Central Florida*,W (49-23),27,35,77.1,441,3,38,214,5.6,4,73,655,9,19,13,2,34,5,55,0,0,0,2020,21,45,46.7,217,2,43,194,4.5,1,88,411,4.7,14,12,2,28,7,54,0,0,0
1,8/29/2019,,Utah,L (12-30),21,33,63.6,208,0,22,92,4.2,1,55,300,5.5,9,5,0,14,7,63,1,2,3,2019,13,16,81.3,106,0,48,262,5.5,2,64,368,5.8,2,16,3,21,7,64,0,0,0
2,9/7/2019,@,Tennessee,W (29-26),19,30,63.3,232,1,30,107,3.6,2,60,339,5.7,11,6,1,18,7,63,0,0,0,2019,17,28,60.7,176,2,49,242,4.9,0,77,418,5.4,7,10,3,20,6,50,0,1,1
3,9/14/2019,,Southern California,W (30-27),21,34,61.8,299,1,40,131,3.3,2,74,430,5.8,13,8,0,21,5,39,0,0,0,2019,24,34,70.6,281,2,45,171,3.8,1,79,452,5.7,13,9,0,22,5,44,0,3,3
4,9/21/2019,,Washington,L (19-45),26,42,61.9,277,1,27,79,2.9,1,69,356,5.2,13,5,3,21,9,80,2,1,3,2019,24,28,85.7,290,3,39,187,4.8,1,67,477,7.1,14,11,2,27,10,79,1,1,2
5,9/28/2019,@,Toledo,L (21-28),25,44,56.8,354,2,26,101,3.9,1,70,455,6.5,15,3,1,19,6,52,0,1,1,2019,17,28,60.7,206,1,56,242,4.3,2,84,448,5.3,12,12,3,27,3,33,2,1,3
6,10/12/2019,@,South Florida,L (23-27),21,33,63.6,221,1,56,218,3.9,1,89,439,4.9,9,15,2,26,5,40,1,0,1,2019,7,14,50,72,1,44,243,5.5,3,58,315,5.4,2,15,0,17,11,105,1,1,2
7,10/19/2019,,Boise State,W (28-25),15,26,57.7,221,2,33,131,4,2,59,352,6,10,5,1,16,9,84,0,0,0,2019,18,32,56.3,185,2,40,174,4.4,1,72,359,5,9,13,3,25,4,35,0,2,2
8,11/2/2019,@,Utah State,W (42-14),23,33,69.7,418,2,40,225,5.6,4,73,643,8.8,18,12,1,31,5,37,2,1,3,2019,29,49,59.2,394,1,33,127,3.8,1,82,521,6.4,15,11,0,26,8,55,2,3,5
9,11/9/2019,,Liberty,W (31-24),24,34,70.6,306,4,36,165,4.6,0,70,471,6.7,15,6,2,23,5,45,1,1,2,2019,27,46,58.7,303,3,30,128,4.3,0,76,431,5.7,17,8,0,25,6,40,0,0,0
10,11/16/2019,,Idaho State,W (42-10),24,36,66.7,245,2,44,204,4.6,3,80,449,5.6,12,12,3,27,12,85,0,1,1,2019,11,23,47.8,114,0,32,157,4.9,1,55,271,4.9,6,3,1,10,6,60,0,2,2
11,11/23/2019,@,Massachusetts,W (56-24),21,28,75,308,4,40,320,8,4,68,628,9.2,14,12,0,26,3,40,1,0,1,2019,20,30,66.7,146,2,37,146,3.9,1,67,292,4.4,6,8,2,16,6,55,1,1,2
12,11/30/2019,@,San Diego State,L (3-13),32,54,59.3,338,0,27,78,2.9,0,81,416,5.1,15,7,1,23,4,20,1,2,3,2019,19,25,76,172,1,35,97,2.8,0,60,269,4.5,7,5,0,12,4,30,0,0,0
13,12/24/2019,N,Hawaii*,L (34-38),24,41,58.5,274,0,40,231,5.8,4,81,505,6.2,16,11,2,29,2,20,1,2,3,2019,28,47,59.6,493,4,27,2,0.1,1,74,495,6.7,17,2,0,19,6,59,0,0,0
1,9/1/2018,@,Arizona,W (28-23),18,28,64.3,209,1,43,183,4.3,3,71,392,5.5,12,11,0,23,10,94,0,0,0,2018,17,34,50,197,1,35,129,3.7,2,69,326,4.7,11,7,4,22,4,26,0,0,0
2,9/8/2018,,California,L (18-21),22,41,53.7,196,1,33,91,2.8,0,74,287,3.9,9,8,0,17,7,65,0,2,2,2018,23,35,65.7,214,2,38,172,4.5,1,73,386,5.3,10,10,2,22,9,65,2,1,3
3,9/15/2018,@,Wisconsin,W (24-21),13,23,56.5,120,1,28,191,6.8,2,51,311,6.1,5,8,1,14,4,36,0,0,0,2018,18,28,64.3,190,0,43,204,4.7,3,71,394,5.5,9,13,1,23,6,33,0,1,1
4,9/22/2018,,McNeese State,W (30-3),16,27,59.3,130,1,42,161,3.8,2,69,291,4.2,7,9,2,18,5,56,1,0,1,2018,18,26,69.2,134,0,28,73,2.6,0,54,207,3.8,4,4,2,10,10,70,2,2,4
5,9/29/2018,@,Washington,L (7-35),18,21,85.7,160,0,28,34,1.2,1,49,194,4,6,1,0,7,8,50,1,0,1,2018,23,25,92,277,1,37,187,5.1,4,62,464,7.5,15,10,1,26,5,40,1,0,1
6,10/5/2018,,Utah State,L (20-45),30,49,61.2,322,3,16,39,2.4,0,65,361,5.6,14,2,7,23,6,50,2,1,3,2018,18,28,64.3,165,4,42,223,5.3,1,70,388,5.5,8,10,1,19,12,125,0,0,0
7,10/13/2018,,Hawaii,W (49-23),16,24,66.7,194,3,47,280,6,4,71,474,6.7,11,14,1,26,6,55,0,1,1,2018,22,38,57.9,248,2,28,63,2.3,1,66,311,4.7,13,4,1,18,4,25,1,1,2
8,10/27/2018,,Northern Illinois,L (6-7),18,30,60,208,0,37,93,2.5,0,67,301,4.5,9,5,3,17,7,52,0,1,1,2018,10,21,47.6,115,0,36,89,2.5,1,57,204,3.6,5,4,2,11,10,80,0,0,0
9,11/3/2018,@,Boise State,L (16-21),19,29,65.5,292,0,38,96,2.5,1,67,388,5.8,12,7,2,21,8,58,3,0,3,2018,23,35,65.7,214,1,37,113,3.1,2,72,327,4.5,10,10,0,20,7,81,1,1,2
10,11/10/2018,@,Massachusetts,W (35-16),14,23,60.9,167,2,38,225,5.9,3,61,392,6.4,7,12,0,19,2,20,1,0,1,2018,23,33,69.7,183,0,36,102,2.8,2,69,285,4.1,9,5,1,15,1,10,0,0,0
11,11/17/2018,,New Mexico State,W (45-10),13,29,44.8,193,0,51,317,6.2,6,80,510,6.4,9,15,1,25,2,20,1,1,2,2018,25,61,41,264,1,26,48,1.8,0,87,312,3.6,12,7,1,20,5,39,1,2,3
12,11/24/2018,@,Utah,L (27-35),20,29,69,204,2,47,153,3.3,2,76,357,4.7,8,9,0,17,3,22,0,1,1,2018,19,28,67.9,141,1,37,155,4.2,3,65,296,4.6,6,11,1,18,1,10,1,0,1
13,12/21/2018,N,Western Michigan*,W (49-18),19,19,100,358,4,33,132,4,3,52,490,9.4,12,7,3,22,6,55,1,0,1,2018,20,37,54.1,175,0,39,138,3.5,2,76,313,4.1,8,6,2,16,5,37,0,1,1
1,8/26/2017,,Portland State,W (20-6),16,27,59.3,194,1,33,173,5.2,1,60,367,6.1,10,3,0,13,7,70,0,0,0,2017,16,36,44.4,134,1,36,86,2.4,0,72,220,3.1,10,3,1,14,7,70,0,1,1
2,9/2/2017,,Louisiana State,L (0-27),12,24,50,102,0,14,-5,-0.4,0,38,97,2.6,4,1,1,6,5,39,0,1,1,2017,15,18,83.3,183,0,57,296,5.2,3,75,479,6.4,8,16,2,26,10,86,0,0,0
3,9/9/2017,,Utah,L (13-19),21,39,53.8,170,1,24,63,2.6,1,63,233,3.7,8,3,2,13,4,35,0,3,3,2017,28,37,75.7,314,0,36,116,3.2,1,73,430,5.9,11,6,1,18,11,97,2,0,2
4,9/16/2017,,Wisconsin,L (6-40),11,20,55,111,0,26,81,3.1,0,46,192,4.2,5,5,1,11,5,33,0,2,2,2017,18,19,94.7,256,4,49,235,4.8,1,68,491,7.2,9,19,0,28,6,56,0,0,0
5,9/29/2017,@,Utah State,L (24-40),12,29,41.4,186,2,46,210,4.6,0,75,396,5.3,9,11,0,20,8,55,3,4,7,2017,16,30,53.3,176,2,44,112,2.5,1,74,288,3.9,6,7,1,14,4,38,0,1,1
6,10/6/2017,,Boise State,L (7-24),20,37,54.1,172,0,23,66,2.9,1,60,238,4,8,4,0,12,3,35,0,2,2,2017,13,20,65,142,1,47,158,3.4,2,67,300,4.5,8,10,1,19,1,5,0,1,1
7,10/14/2017,@,Mississippi State,L (10-35),17,29,58.6,147,1,17,29,1.7,0,46,176,3.8,4,2,2,8,2,22,1,1,2,2017,20,31,64.5,240,2,53,306,5.8,3,84,546,6.5,14,19,2,35,6,60,1,2,3
8,10/21/2017,@,East Carolina,L (17-33),26,41,63.4,319,2,31,102,3.3,0,72,421,5.8,14,7,1,22,8,69,0,1,1,2017,20,30,66.7,298,2,35,115,3.3,1,65,413,6.4,12,8,2,22,2,15,1,0,1
9,10/28/2017,,San Jose State,W (41-20),21,38,55.3,332,3,39,266,6.8,2,77,598,7.8,15,7,0,22,6,65,1,1,2,2017,25,39,64.1,198,2,41,140,3.4,0,80,338,4.2,12,9,2,23,2,10,4,1,5
10,11/4/2017,@,Fresno State,L (13-20),23,43,53.5,214,0,27,122,4.5,1,70,336,4.8,10,10,1,21,3,25,1,0,1,2017,14,20,70,174,0,40,136,3.4,2,60,310,5.2,8,7,1,16,5,40,0,0,0
11,11/10/2017,@,Nevada-Las Vegas,W (31-21),14,22,63.6,160,1,42,265,6.3,3,64,425,6.6,9,13,2,24,2,20,0,0,0,2017,20,33,60.6,325,2,34,122,3.6,1,67,447,6.7,12,9,0,21,6,75,0,2,2
12,11/18/2017,,Massachusetts,L (10-16),21,45,46.7,257,1,26,42,1.6,0,71,299,4.2,10,7,0,17,5,35,0,4,4,2017,21,35,60,230,1,33,69,2.1,0,68,299,4.4,14,4,0,18,3,30,0,0,0
13,11/25/2017,@,Hawaii,W (30-20),14,24,58.3,166,1,54,285,5.3,3,78,451,5.8,10,14,2,26,1,6,2,0,2,2017,28,38,73.7,258,2,15,28,1.9,0,53,286,5.4,11,2,0,13,6,55,1,0,1
1,9/3/2016,N,Arizona,W (18-16),21,29,72.4,202,1,47,213,4.5,1,76,415,5.5,10,14,0,24,8,65,0,0,0,2016,20,30,66.7,213,0,26,115,4.4,2,56,328,5.9,9,6,2,17,4,20,0,2,2
2,9/10/2016,@,Utah,L (19-20),22,39,56.4,185,0,28,146,5.2,2,67,331,4.9,11,6,1,18,10,112,0,2,2,2016,14,23,60.9,194,1,42,169,4,0,65,363,5.6,8,9,3,20,9,85,3,3,6
3,9/17/2016,,UCLA,L (14-17),26,49,53.1,250,1,25,23,0.9,1,74,273,3.7,12,4,3,19,2,15,0,1,1,2016,26,40,65,307,2,34,50,1.5,0,74,357,4.8,14,3,1,18,5,49,0,1,1
4,9/24/2016,N,West Virginia,L (32-35),23,36,63.9,241,2,40,280,7,2,76,521,6.9,14,12,1,27,8,51,1,3,4,2016,31,40,77.5,332,1,35,149,4.3,3,75,481,6.4,17,7,2,26,4,38,1,1,2
5,9/30/2016,,Toledo,W (55-53),11,21,52.4,248,1,45,338,7.5,6,66,586,8.9,10,14,2,26,7,82,0,0,0,2016,30,38,78.9,505,5,41,187,4.6,2,79,692,8.8,19,10,4,33,8,81,0,2,2
6,10/8/2016,@,Michigan State,W (31-14),18,29,62.1,138,1,49,260,5.3,3,78,398,5.1,7,15,2,24,3,24,0,0,0,2016,13,21,61.9,121,0,32,85,2.7,2,53,206,3.9,7,5,1,13,4,39,0,1,1
7,10/14/2016,,Mississippi State,W (28-21),16,28,57.1,165,3,46,147,3.2,1,74,312,4.2,8,8,4,20,9,84,1,1,2,2016,18,37,48.6,223,1,49,163,3.3,2,86,386,4.5,11,9,3,23,7,63,0,2,2
8,10/20/2016,@,Boise State,L (27-28),21,41,51.2,187,0,38,135,3.6,1,79,322,4.1,9,9,1,19,7,61,0,0,0,2016,25,39,64.1,442,3,35,129,3.7,1,74,571,7.7,18,6,0,24,8,65,3,2,5
9,11/5/2016,@,Cincinnati,W (20-3),15,25,60,130,0,47,207,4.4,2,72,337,4.7,9,12,2,23,5,28,0,1,1,2016,19,32,59.4,199,0,25,96,3.8,0,57,295,5.2,12,4,0,16,4,40,0,1,1
10,11/12/2016,,Southern Utah,W (37-7),33,42,78.6,441,2,40,155,3.9,2,82,596,7.3,19,14,0,33,6,65,2,1,3,2016,19,33,57.6,144,1,18,21,1.2,0,51,165,3.2,3,2,2,7,2,20,0,1,1
11,11/19/2016,,Massachusetts,W (51-9),20,34,58.8,184,1,49,247,5,4,83,431,5.2,11,12,4,27,5,64,1,0,1,2016,27,40,67.5,288,1,20,40,2,0,60,328,5.5,10,3,1,14,9,94,2,2,4
12,11/26/2016,,Utah State,W (28-10),11,22,50,106,2,54,249,4.6,1,76,355,4.7,5,14,7,26,8,68,0,2,2,2016,12,23,52.2,103,0,28,97,3.5,1,51,200,3.9,6,4,1,11,11,94,1,1,2
13,12/21/2016,N,Wyoming*,W (24-21),8,15,53.3,96,1,35,216,6.2,2,50,312,6.2,5,7,1,13,5,63,1,1,2,2016,17,33,51.5,207,2,45,186,4.1,1,78,393,5,9,10,3,22,7,59,0,2,2
1,9/5/2015,@,Nebraska,W (33-28),28,46,60.9,379,2,26,132,5.1,2,72,511,7.1,13,7,1,21,4,30,0,1,1,2015,24,41,58.5,319,3,37,126,3.4,1,78,445,5.7,16,9,0,25,12,90,1,1,2
2,9/12/2015,,Boise State,W (35-24),17,29,58.6,309,2,39,72,1.8,2,68,381,5.6,0,0,0,16,5,54,0,2,2,2015,25,38,65.8,297,1,31,64,2.1,2,69,361,5.2,0,0,0,17,11,76,0,3,3
3,9/19/2015,@,UCLA,L (23-24),30,47,63.8,244,1,41,161,3.9,1,88,405,4.6,13,11,2,26,5,35,0,1,1,2015,11,23,47.8,106,1,38,296,7.8,2,61,402,6.6,6,12,0,18,6,75,0,3,3
4,9/26/2015,@,Michigan,L (0-31),12,28,42.9,55,0,22,50,2.3,0,50,105,2.1,2,4,2,8,5,45,0,0,0,2015,14,25,56,194,1,51,254,5,3,76,448,5.9,11,8,3,22,5,53,0,0,0
5,10/2/2015,,Connecticut,W (30-13),35,54,64.8,365,2,41,174,4.2,1,95,539,5.7,20,9,2,31,7,70,1,2,3,2015,14,28,50,168,1,27,62,2.3,0,55,230,4.2,9,3,2,14,5,43,0,2,2
6,10/10/2015,,East Carolina,W (45-38),25,38,65.8,341,3,43,167,3.9,3,81,508,6.3,13,11,2,26,7,61,1,1,2,2015,30,42,71.4,385,2,32,133,4.2,2,74,518,7,17,8,2,27,7,64,2,1,3
7,10/16/2015,,Cincinnati,W (38-24),19,32,59.4,252,2,29,197,6.8,3,61,449,7.4,10,7,5,22,10,74,0,1,1,2015,16,31,51.6,220,1,46,121,2.6,2,77,341,4.4,13,6,2,21,9,65,0,0,0
8,10/24/2015,,Wagner,W (70-6),23,27,85.2,411,4,42,330,7.9,6,69,741,10.7,16,15,0,31,7,55,0,0,0,2015,8,16,50,46,0,36,83,2.3,1,52,129,2.5,3,3,0,6,2,15,0,1,1
9,11/6/2015,@,San Jose State,W (17-16),23,37,62.2,293,1,25,36,1.4,1,62,329,5.3,14,3,0,17,7,84,0,1,1,2015,18,26,69.2,147,0,38,122,3.2,1,64,269,4.2,9,6,3,18,2,10,1,0,1
10,11/14/2015,N,Missouri,L (16-20),23,41,56.1,244,1,15,46,3.1,1,56,290,5.2,11,3,4,18,6,42,2,0,2,2015,19,28,67.9,244,1,55,190,3.5,1,83,434,5.2,12,9,2,23,8,91,1,1,2
11,11/21/2015,,Fresno State,W (52-10),26,39,66.7,362,2,34,158,4.6,4,73,520,7.1,18,4,0,22,7,70,2,0,2,2015,18,48,37.5,190,0,30,85,2.8,1,78,275,3.5,10,5,2,17,4,35,0,3,3
12,11/28/2015,@,Utah State,W (51-28),16,30,53.3,284,4,31,74,2.4,2,61,358,5.9,9,4,2,15,9,76,0,0,0,2015,20,45,44.4,243,1,43,202,4.7,3,88,445,5.1,10,12,1,23,8,70,2,0,2
13,12/19/2015,N,Utah*,L (28-35),25,56,44.6,315,2,25,71,2.8,2,81,386,4.8,12,5,4,22,6,54,2,3,5,2015,9,16,56.3,71,0,47,126,2.7,3,63,197,3.1,3,8,3,14,7,76,0,0,0
1,8/29/2014,@,Connecticut,W (35-10),28,36,77.8,308,3,37,205,5.5,2,73,513,7,13,11,3,27,15,150,2,0,2,2014,25,48,52.1,284,0,31,71,2.3,1,79,355,4.5,14,3,6,23,8,90,1,1,2
2,9/6/2014,@,Texas,W (41-7),18,28,64.3,181,0,60,248,4.1,5,88,429,4.9,12,15,1,28,6,40,1,1,2,2014,20,31,64.5,176,1,35,82,2.3,0,66,258,3.9,9,6,0,15,6,64,3,1,4
3,9/11/2014,,Houston,W (33-25),21,34,61.8,200,1,62,323,5.2,3,96,523,5.4,9,19,4,32,11,98,1,2,3,2014,31,53,58.5,315,3,13,10,0.8,0,66,325,4.9,14,1,3,18,8,83,0,0,0
4,9/20/2014,,Virginia,W (41-33),13,23,56.5,187,2,37,145,3.9,2,60,332,5.5,7,7,2,16,12,133,0,0,0,2014,35,58,60.3,327,1,44,192,4.4,2,102,519,5.1,18,11,6,35,8,86,1,1,2
5,10/3/2014,,Utah State,L (20-35),18,40,45,271,1,34,154,4.5,1,74,425,5.7,8,12,3,23,9,60,1,3,4,2014,19,25,76,321,3,46,136,3,2,71,457,6.4,12,7,3,22,12,105,1,0,1
6,10/9/2014,@,Central Florida,L (24-31),22,37,59.5,153,3,49,189,3.9,0,86,342,4,7,14,0,21,9,71,1,1,2,2014,30,52,57.7,326,2,33,63,1.9,2,85,389,4.6,16,4,2,22,4,44,2,2,4
7,10/18/2014,,Nevada,L (35-42),39,63,61.9,408,4,39,193,4.9,1,102,601,5.9,25,13,0,38,6,75,3,0,3,2014,26,40,65,285,1,36,126,3.5,4,76,411,5.4,12,7,1,20,6,36,0,0,0
8,10/24/2014,@,Boise State,L (30-55),23,38,60.5,259,1,26,63,2.4,2,64,322,5,12,4,1,17,7,70,1,1,2,2014,24,31,77.4,410,4,48,227,4.7,3,79,637,8.1,15,13,0,28,8,70,0,1,1
9,11/1/2014,@,Middle Tennessee State,W (27-7),28,45,62.2,316,2,39,128,3.3,2,84,444,5.3,15,9,1,25,7,70,0,0,0,2014,16,32,50,119,1,37,109,2.9,0,69,228,3.3,6,9,2,17,2,12,0,2,2
10,11/15/2014,,Nevada-Las Vegas,W (42-23),18,32,56.3,325,3,41,267,6.5,3,73,592,8.1,12,10,1,23,5,50,2,0,2,2014,20,45,44.4,204,1,45,199,4.4,1,90,403,4.5,10,7,1,18,6,43,0,1,1
11,11/22/2014,,Savannah State,W (64-0),15,20,75,234,4,62,264,4.3,4,82,498,6.1,9,17,1,27,7,75,1,0,1,2014,10,28,35.7,40,0,23,23,1,0,51,63,1.2,1,3,2,6,8,29,2,1,3
12,11/29/2014,@,California,W (42-35),23,38,60.5,433,5,39,107,2.7,1,77,540,7,16,6,4,26,9,90,1,1,2,2014,38,60,63.3,393,4,41,173,4.2,1,101,566,5.6,22,8,4,34,7,78,0,1,1
13,12/22/2014,N,Memphis*,L (48-55),23,49,46.9,348,3,42,77,1.8,2,91,425,4.7,15,6,1,22,7,70,1,3,4,2014,24,46,52.2,306,4,51,174,3.4,3,97,480,4.9,15,8,1,24,6,43,2,3,5
1,8/31/2013,@,Virginia,L (16-19),13,40,32.5,175,1,53,187,3.5,1,93,362,3.9,9,11,1,21,7,43,0,1,1,2013,18,32,56.3,114,1,42,109,2.6,1,74,223,3,9,5,0,14,6,41,1,1,2
2,9/7/2013,,Texas,W (40-21),9,27,33.3,129,0,72,550,7.6,4,99,679,6.9,6,24,3,33,8,68,1,1,2,2013,24,44,54.5,313,2,39,132,3.4,1,83,445,5.4,13,7,3,23,4,45,0,0,0
3,9/21/2013,,Utah,L (13-20),18,48,37.5,260,0,47,183,3.9,1,95,443,4.7,13,9,2,24,7,55,0,1,1,2013,24,35,68.6,273,2,33,129,3.9,0,68,402,5.9,11,4,1,16,8,65,0,0,0
4,9/27/2013,,Middle Tennessee State,W (37-10),14,19,73.7,177,0,55,309,5.6,4,74,486,6.6,9,11,2,22,9,80,4,1,5,2013,16,34,47.1,105,1,41,107,2.6,0,75,212,2.8,6,6,1,13,7,50,0,1,1
5,10/4/2013,@,Utah State,W (31-14),17,32,53.1,278,3,50,159,3.2,0,82,437,5.3,10,7,1,18,3,36,1,1,2,2013,22,51,43.1,211,2,35,186,5.3,0,86,397,4.6,12,6,2,20,3,28,2,1,3
6,10/12/2013,,Georgia Tech,W (38-20),19,27,70.4,244,1,42,189,4.5,3,69,433,6.3,13,11,2,26,8,60,0,0,0,2013,11,24,45.8,163,1,52,237,4.6,1,76,400,5.3,6,12,0,18,10,76,1,1,2
7,10/19/2013,N,Houston,W (47-46),29,44,65.9,417,4,71,264,3.7,2,115,681,5.9,21,15,5,41,14,125,0,3,3,2013,31,47,66,435,4,29,48,1.7,0,76,483,6.4,13,5,5,23,10,88,0,3,3
8,10/25/2013,,Boise State,W (37-20),27,41,65.9,339,3,50,229,4.6,1,91,568,6.2,15,12,1,28,7,55,0,0,0,2013,29,46,63,285,1,44,214,4.9,1,90,499,5.5,14,8,1,23,5,39,3,1,4
9,11/9/2013,@,Wisconsin,L (17-27),19,42,45.2,207,2,39,163,4.2,0,81,370,4.6,10,9,1,20,6,35,0,1,1,2013,23,32,71.9,196,1,45,229,5.1,2,77,425,5.5,10,12,0,21,2,10,1,1,2
10,11/23/2013,@,Notre Dame,L (13-23),21,36,58.3,168,1,47,247,5.3,0,83,415,5,12,11,0,23,6,47,0,1,1,2013,15,28,53.6,235,1,47,235,5,1,75,470,6.3,10,11,3,24,4,25,0,1,1
11,11/30/2013,@,Nevada,W (28-23),14,18,77.8,98,2,45,394,8.8,2,63,492,7.8,2,16,1,19,14,142,1,0,1,2013,23,33,69.7,259,1,47,104,2.2,2,80,363,4.5,14,5,7,26,4,25,0,1,1
12,12/27/2013,N,Washington*,L (16-31),25,50,50,293,0,47,180,3.8,1,97,473,4.9,16,12,0,28,5,50,0,1,1,2013,18,27,66.7,129,1,43,190,4.4,2,70,319,4.6,8,11,0,19,5,24,0,1,1
1,8/30/2012,,Washington State,W (30-6),26,37,70.3,303,3,41,123,3,0,78,426,5.5,15,9,0,24,10,112,0,0,0,2012,30,45,66.7,229,0,16,-5,-0.3,0,61,224,3.7,11,1,6,18,8,73,0,2,2
2,9/8/2012,,Weber State,W (45-13),26,42,61.9,307,2,37,225,6.1,4,79,532,6.7,15,10,1,26,6,69,1,1,2,2012,15,28,53.6,139,0,43,115,2.7,2,71,254,3.6,4,9,2,15,6,45,2,0,2
3,9/15/2012,@,Utah,L (21-24),17,37,45.9,206,2,42,106,2.5,1,79,312,3.9,10,10,5,25,12,75,1,1,2,2012,18,27,66.7,196,2,35,49,1.4,0,62,245,4,10,3,1,14,10,112,0,0,0
4,9/20/2012,@,Boise State,L (6-7),8,19,42.1,61,0,39,139,3.6,1,58,200,3.4,5,7,1,13,8,64,2,3,5,2012,15,26,57.7,145,0,40,116,2.9,0,66,261,4,7,4,2,13,8,65,0,0,0
5,9/28/2012,,Hawaii,W (47-0),14,24,58.3,144,2,54,396,7.3,5,78,540,6.9,7,20,3,30,6,70,0,1,1,2012,12,27,44.4,108,0,27,41,1.5,0,54,149,2.8,5,2,2,9,7,75,2,1,3
6,10/5/2012,,Utah State,W (6-3),24,36,66.7,235,1,45,145,3.2,0,81,380,4.7,10,10,0,20,6,50,0,1,1,2012,22,39,56.4,202,0,24,41,1.7,0,63,243,3.9,13,3,0,16,7,44,1,1,2
7,10/13/2012,,Oregon State,L (24-42),28,51,54.9,305,1,33,81,2.5,2,84,386,4.6,15,8,1,24,6,60,0,3,3,2012,20,32,62.5,332,3,28,118,4.2,2,60,450,7.5,12,8,3,23,8,60,0,0,0
8,10/20/2012,@,Notre Dame,L (14-17),23,36,63.9,177,2,25,66,2.6,0,61,243,4,8,6,3,17,4,35,0,2,2,2012,8,17,47.1,119,1,43,270,6.3,1,60,389,6.5,4,12,0,16,5,51,0,1,1
9,10/27/2012,@,Georgia Tech,W (41-17),20,29,69,228,1,46,183,4,4,75,411,5.5,11,11,0,22,7,67,0,1,1,2012,4,12,33.3,40,0,35,117,3.3,0,47,157,3.3,3,6,3,12,2,16,0,1,1
10,11/10/2012,,Idaho,W (52-13),25,42,59.5,285,4,45,252,5.6,2,87,537,6.2,12,14,3,29,4,20,2,0,2,2012,20,38,52.6,212,1,23,61,2.7,0,61,273,4.5,10,4,1,15,5,52,3,2,5
11,11/17/2012,@,San Jose State,L (14-20),28,51,54.9,335,1,33,87,2.6,1,84,422,5,19,4,1,24,4,30,2,1,3,2012,25,34,73.5,305,3,32,59,1.8,0,66,364,5.5,15,2,0,17,5,52,0,1,1
12,11/24/2012,@,New Mexico State,W (50-14),34,50,68,384,6,35,136,3.9,1,85,520,6.1,17,10,2,29,4,25,0,0,0,2012,13,24,54.2,158,2,27,29,1.1,0,51,187,3.7,5,4,1,10,6,45,0,0,0
13,12/20/2012,@,San Diego State*,W (23-6),23,44,52.3,244,0,30,52,1.7,1,74,296,4,14,3,0,17,3,13,0,3,3,2012,12,29,41.4,144,0,39,119,3.1,0,68,263,3.9,7,5,1,13,5,45,2,3,5
1,9/3/2011,@,Mississippi,W (14-13),24,38,63.2,225,1,31,91,2.9,0,69,316,4.6,15,4,1,20,6,40,0,1,1,2011,16,29,55.2,145,0,28,69,2.5,0,57,214,3.8,9,3,1,13,4,40,2,0,2
2,9/10/2011,@,Texas,L (16-17),22,38,57.9,192,1,23,43,1.9,0,61,235,3.9,9,3,2,14,3,25,0,2,2,2011,12,20,60,123,0,43,166,3.9,2,63,289,4.6,5,9,0,14,8,46,0,2,2
3,9/17/2011,,Utah,L (10-54),30,56,53.6,343,1,22,11,0.5,0,78,354,4.5,18,1,1,20,8,70,6,1,7,2011,16,31,51.6,239,2,38,242,6.4,3,69,481,7,9,8,3,20,3,26,1,1,2
4,9/23/2011,,Central Florida,W (24-17),16,35,45.7,133,0,32,127,4,2,67,260,3.9,7,8,1,16,3,35,0,1,1,2011,21,31,67.7,318,0,34,81,2.4,2,65,399,6.1,13,5,1,19,2,12,2,1,3
5,9/30/2011,,Utah State,W (27-24),21,39,53.8,251,2,46,200,4.3,1,85,451,5.3,13,14,2,29,3,25,1,0,1,2011,13,26,50,122,2,37,284,7.7,1,63,406,6.4,7,10,1,18,7,45,0,0,0
6,10/8/2011,,San Jose State,W (29-16),14,24,58.3,219,3,44,224,5.1,0,68,443,6.5,10,15,0,25,4,29,1,2,3,2011,25,35,71.4,255,0,26,70,2.7,1,61,325,5.3,12,4,2,18,0,0,0,2,2
7,10/15/2011,@,Oregon State,W (38-28),17,29,58.6,217,3,48,282,5.9,2,77,499,6.5,10,12,3,25,10,79,1,1,2,2011,27,43,62.8,306,1,23,59,2.6,2,66,365,5.5,13,5,3,21,8,55,2,2,4
8,10/22/2011,,Idaho State,W (56-3),19,27,70.4,282,3,44,290,6.6,4,71,572,8.1,13,17,3,33,9,90,2,1,3,2011,34,60,56.7,231,0,19,20,1.1,0,79,251,3.2,11,3,3,17,8,65,0,3,3
9,10/28/2011,@,Texas Christian,L (28-38),15,31,48.4,215,1,50,139,2.8,1,81,354,4.4,10,12,2,24,5,39,1,2,3,2011,13,23,56.5,147,2,39,136,3.5,3,62,283,4.6,5,7,2,14,6,58,0,0,0
10,11/12/2011,,Idaho,W (42-7),21,33,63.6,262,3,42,243,5.8,3,75,505,6.7,13,13,4,30,7,45,0,1,1,2011,11,21,52.4,50,0,33,191,5.8,1,54,241,4.5,2,6,2,10,11,105,0,2,2
11,11/19/2011,,New Mexico State,W (42-7),21,36,58.3,238,4,34,173,5.1,2,70,411,5.9,12,9,3,24,7,61,0,1,1,2011,19,34,55.9,159,1,37,90,2.4,0,71,249,3.5,8,9,1,18,8,58,2,0,2
12,12/3/2011,@,Hawaii,W (41-20),25,38,65.8,363,3,38,167,4.4,1,76,530,7,18,8,2,28,5,55,0,0,0,2011,25,47,53.2,282,2,16,17,1.1,1,63,299,4.7,12,1,3,16,8,65,1,0,1
13,12/30/2011,N,Tulsa*,W (24-21),17,40,42.5,250,3,40,94,2.4,0,80,344,4.3,11,7,0,18,5,60,0,2,2,2011,18,32,56.3,235,3,27,37,1.4,0,59,272,4.6,10,2,3,15,1,5,2,0,2
1,2010-09-04,,Washington,W (23-17),24,40,60,262,2,33,146,4.4,0,73,408,5.6,9,11,3,23,6,60,0,0,0,2010,20,39,51.3,266,1,31,128,4.1,1,70,394,5.6,12,6,2,20,5,66,0,0,0
2,2010-09-11,@,Air Force,L (14-35),10,25,40,88,0,34,221,6.5,2,59,309,5.2,5,6,4,15,7,45,2,1,3,2010,5,13,38.5,68,1,65,409,6.3,4,78,477,6.1,3,18,1,22,10,125,0,1,1
3,2010-09-18,@,Florida State,L (10-34),16,35,45.7,115,1,35,76,2.2,0,70,191,2.7,8,7,2,17,5,45,1,1,2,2010,14,21,66.7,149,1,44,278,6.3,3,65,427,6.6,7,11,1,19,8,65,1,0,1
4,2010-09-25,,Nevada,L (13-27),24,45,53.3,229,0,25,91,3.6,1,70,320,4.6,16,3,2,21,1,5,0,0,0,2010,16,26,61.5,196,1,53,239,4.5,2,79,435,5.5,7,16,0,23,6,65,1,1,2
5,2010-10-01,@,Utah State,L (16-31),27,54,50,270,0,25,65,2.6,2,79,335,4.2,15,3,4,22,6,45,0,2,2,2010,10,13,76.9,192,1,59,242,4.1,3,72,434,6,7,10,2,19,12,105,1,0,1
6,2010-10-09,,San Diego State,W (24-21),16,23,69.6,142,0,62,271,4.4,3,85,413,4.9,7,15,2,24,5,25,1,1,2,2010,20,36,55.6,220,3,12,53,4.4,0,48,273,5.7,9,3,0,12,4,37,0,1,1
7,2010-10-16,@,Texas Christian,L (3-31),14,30,46.7,91,0,27,56,2.1,0,57,147,2.6,5,4,1,10,4,20,0,2,2,2010,24,36,66.7,273,4,38,108,2.8,0,74,381,5.1,16,7,0,23,4,20,0,0,0
8,2010-10-23,,Wyoming,W (25-20),10,18,55.6,81,1,51,217,4.3,2,69,298,4.3,4,13,3,20,8,70,1,1,2,2010,13,29,44.8,110,1,27,63,2.3,0,56,173,3.1,7,4,2,13,7,65,1,0,1
9,2010-11-06,,Nevada-Las Vegas,W (55-7),20,32,62.5,300,2,51,216,4.2,5,83,516,6.2,15,12,2,29,4,30,0,0,0,2010,11,29,37.9,122,1,28,22,0.8,0,57,144,2.5,6,4,1,11,6,70,0,2,2
10,2010-11-13,@,Colorado State,W (49-10),15,20,75,242,4,44,284,6.5,2,64,526,8.2,10,14,2,26,2,23,2,0,2,2010,28,42,66.7,292,1,24,83,3.5,0,66,375,5.7,13,6,1,20,5,60,2,2,4
11,2010-11-20,,New Mexico,W (40-7),19,33,57.6,236,2,44,258,5.9,3,77,494,6.4,12,17,0,29,14,141,0,0,0,2010,15,30,50,159,1,31,100,3.2,0,61,259,4.2,5,8,7,20,5,25,1,3,4
12,2010-11-27,@,Utah,L (16-17),22,37,59.5,228,1,37,65,1.8,0,74,293,4,12,5,2,19,2,20,3,1,4,2010,15,37,40.5,207,1,28,89,3.2,1,65,296,4.6,8,5,1,14,3,40,0,3,3
13,2010-12-18,N,Texas-El Paso*,W (52-24),26,36,72.2,295,4,50,219,4.4,3,86,514,6,18,8,2,28,6,54,0,2,2,2010,14,33,42.4,245,3,22,-12,-0.5,0,55,233,4.2,9,2,2,13,7,52,0,3,3
1,2009-09-05,N,Oklahoma,W (14-13),26,38,68.4,329,2,33,28,0.8,0,71,357,5,10,6,1,17,10,87,2,2,4,2009,16,26,61.5,147,1,31,118,3.8,0,57,265,4.6,6,5,4,15,12,93,2,0,2
2,2009-09-12,@,Tulane,W (54-3),26,34,76.5,321,2,45,206,4.6,4,79,527,6.7,20,12,3,35,5,47,0,1,1,2009,20,28,71.4,125,0,24,37,1.5,0,52,162,3.1,5,4,0,9,10,102,2,2,4
3,2009-09-19,,Florida State,L (28-54),23,34,67.6,367,3,19,108,5.7,1,53,475,9,14,4,2,20,3,25,2,3,5,2009,22,28,78.6,199,2,49,313,6.4,4,77,512,6.6,8,18,1,27,9,73,0,0,0
4,2009-09-26,,Colorado State,W (42-23),18,29,62.1,241,2,34,132,3.9,4,63,373,5.9,11,7,2,20,10,117,0,2,2,2009,31,51,60.8,372,2,28,66,2.4,1,79,438,5.5,20,4,3,27,6,52,0,2,2
5,2009-10-02,,Utah State,W (35-17),16,23,69.6,218,3,43,213,5,2,66,431,6.5,10,12,0,22,8,54,1,2,3,2009,20,30,66.7,213,1,37,109,2.9,1,67,322,4.8,11,7,2,20,6,55,1,0,1
6,2009-10-10,@,Nevada-Las Vegas,W (59-21),21,27,77.8,320,2,43,291,6.8,6,70,611,8.7,15,11,1,27,6,50,0,0,0,2009,25,41,61,292,2,19,45,2.4,0,60,337,5.6,12,4,1,17,6,35,0,3,3
7,2009-10-17,@,San Diego State,W (38-28),27,39,69.2,346,3,52,166,3.2,2,91,512,5.6,15,11,1,27,8,77,0,0,0,2009,22,34,64.7,322,3,16,20,1.3,1,50,342,6.8,11,2,3,16,4,31,0,1,1
8,2009-10-24,,Texas Christian,L (7-38),20,33,60.6,188,1,37,110,3,0,70,298,4.3,9,8,1,18,9,85,1,1,2,2009,14,25,56,285,3,37,127,3.4,2,62,412,6.6,11,7,3,21,5,45,0,0,0
9,2009-11-07,@,Wyoming,W (52-0),20,22,90.9,312,4,45,231,5.1,3,67,543,8.1,16,12,2,30,5,50,0,0,0,2009,15,27,55.6,113,0,32,112,3.5,0,59,225,3.8,7,6,0,13,5,46,1,2,3
10,2009-11-14,@,New Mexico,W (24-19),21,33,63.6,314,2,23,41,1.8,1,56,355,6.3,14,2,1,17,6,66,1,1,2,2009,28,45,62.2,272,2,36,88,2.4,1,81,360,4.4,16,4,2,22,4,29,0,0,0
11,2009-11-21,,Air Force,W (38-21),33,45,73.3,377,5,25,121,4.8,0,70,498,7.1,19,7,0,26,7,75,1,2,3,2009,5,22,22.7,88,1,56,212,3.8,2,78,300,3.8,4,13,1,18,2,25,2,2,4
12,2009-11-28,,Utah,W (26-23),12,32,37.5,134,2,36,131,3.6,1,68,265,3.9,7,5,2,14,7,60,0,0,0,2009,22,45,48.9,201,0,30,97,3.2,1,75,298,4,8,8,1,17,12,113,0,1,1
13,2009-12-22,N,Oregon State*,W (44-20),19,30,63.3,192,3,35,116,3.3,2,65,308,4.7,9,6,3,18,10,74,2,0,2,2009,22,47,46.8,217,1,27,88,3.3,2,74,305,4.1,11,5,1,17,10,95,2,1,3
1,2008-08-30,,Northern Iowa,W (41-17),34,41,82.9,486,2,27,82,3,4,68,568,8.4,22,5,1,28,8,65,4,0,4,2008,17,25,68,213,1,40,149,3.7,0,65,362,5.6,9,5,0,14,4,40,2,0,2
2,2008-09-06,@,Washington,W (28-27),30,41,73.2,338,3,28,137,4.9,1,69,475,6.9,19,6,0,25,7,60,1,1,2,2008,17,32,53.1,204,1,35,133,3.8,3,67,337,5,10,11,1,22,4,25,0,0,0
3,2008-09-13,,UCLA,W (59-0),31,40,77.5,337,7,45,184,4.1,1,85,521,6.1,19,11,0,30,8,71,0,1,1,2008,23,39,59,230,0,16,9,0.6,0,55,239,4.3,11,0,2,13,4,35,3,1,4
4,2008-09-20,,Wyoming,W (44-0),20,37,54.1,201,3,34,163,4.8,1,71,364,5.1,11,9,3,23,9,76,0,0,0,2008,17,36,47.2,136,0,35,140,4,0,71,276,3.9,7,7,5,19,9,100,3,3,6
5,2008-10-03,@,Utah State,W (34-14),23,37,62.2,303,2,30,103,3.4,1,67,406,6.1,12,6,1,19,12,123,0,2,2,2008,16,27,59.3,193,1,43,129,3,1,70,322,4.6,9,9,5,23,8,72,3,1,4
6,2008-10-11,,New Mexico,W (21-3),22,34,64.7,258,3,28,124,4.4,0,62,382,6.2,13,6,0,19,4,48,0,0,0,2008,13,22,59.1,146,0,51,139,2.7,0,73,285,3.9,9,9,1,19,3,26,1,1,2
7,2008-10-16,@,Texas Christian,L (7-32),22,42,52.4,274,0,28,23,0.8,1,70,297,4.2,10,4,5,19,7,84,2,2,4,2008,12,19,63.2,170,2,51,240,4.7,2,70,410,5.9,10,14,5,29,10,87,1,0,1
8,2008-10-25,,Nevada-Las Vegas,W (42-35),24,32,75,245,4,34,209,6.1,1,66,454,6.9,12,9,1,22,7,39,0,0,0,2008,28,44,63.6,351,1,31,112,3.6,4,75,463,6.2,20,5,0,25,5,31,0,1,1
9,2008-11-01,@,Colorado State,W (45-42),28,35,80,389,5,35,162,4.6,1,70,551,7.9,21,8,3,32,6,67,2,1,3,2008,19,36,52.8,270,3,29,131,4.5,2,65,401,6.2,12,6,1,19,8,90,1,0,1
10,2008-11-08,,San Diego State,W (41-12),25,30,83.3,317,3,37,104,2.8,2,67,421,6.3,12,6,0,18,5,50,1,0,1,2008,21,37,56.8,160,1,28,120,4.3,0,65,280,4.3,8,8,2,18,2,20,3,1,4
11,2008-11-15,@,Air Force,W (38-24),28,37,75.7,354,2,36,126,3.5,3,73,480,6.6,21,7,4,32,9,68,1,1,2,2008,12,20,60,98,0,51,323,6.3,3,71,421,5.9,4,16,1,21,8,73,1,1,2
12,2008-11-22,@,Utah,L (24-48),21,41,51.2,205,0,30,214,7.1,3,71,419,5.9,10,13,2,25,9,85,1,5,6,2008,31,37,83.8,307,5,35,108,3.1,1,72,415,5.8,17,8,2,27,5,51,0,0,0
13,2008-12-20,N,Arizona*,L (21-31),30,46,65.2,328,1,32,116,3.6,2,78,444,5.7,16,5,1,22,10,76,2,1,3,2008,24,35,68.6,325,2,28,91,3.3,2,63,416,6.6,12,6,2,20,7,54,3,0,3
1,2007-09-01,,Arizona,W (20-7),26,39,66.7,288,2,32,104,3.3,1,71,392,5.5,15,6,1,22,5,27,1,0,1,2007,28,38,73.7,223,1,19,32,1.7,0,57,255,4.5,8,0,3,11,7,56,0,0,0
2,2007-09-08,@,UCLA,L (17-27),30,53,56.6,391,2,25,44,1.8,0,78,435,5.6,21,1,1,23,11,84,2,1,3,2007,13,28,46.4,126,0,37,110,3,2,65,236,3.6,7,6,2,15,4,30,0,1,1
3,2007-09-15,@,Tulsa,L (47-55),34,58,58.6,537,4,36,157,4.4,3,94,694,7.4,25,9,2,36,14,138,2,2,4,2007,22,37,59.5,490,5,33,105,3.2,1,70,595,8.5,17,5,1,23,4,31,0,1,1
4,2007-09-22,,Air Force,W (31-6),23,33,69.7,293,2,44,159,3.6,2,77,452,5.9,15,8,2,25,8,65,1,1,2,2007,10,21,47.6,98,0,32,133,4.2,1,53,231,4.4,4,7,1,12,2,17,0,1,1
5,2007-09-29,@,New Mexico,W (31-24),18,40,45,251,2,43,112,2.6,1,83,363,4.4,11,8,2,21,7,56,1,1,2,2007,20,38,52.6,231,1,36,115,3.2,2,74,346,4.7,7,9,0,16,8,60,3,2,5
6,2007-10-13,@,Nevada-Las Vegas,W (24-14),21,33,63.6,214,1,45,227,5,2,78,441,5.7,11,14,1,26,7,64,1,3,4,2007,16,26,61.5,121,1,25,96,3.8,0,51,217,4.3,8,4,2,14,5,33,0,1,1
7,2007-10-20,,Eastern Washington,W (42-7),15,30,50,156,1,47,221,4.7,4,77,377,4.9,10,12,1,23,7,55,0,1,1,2007,21,35,60,224,1,29,42,1.4,0,64,266,4.2,9,4,1,14,5,32,0,3,3
8,2007-11-03,,Colorado State,W (35-16),22,31,71,355,3,38,106,2.8,2,69,461,6.7,14,7,0,21,4,30,1,1,2,2007,18,35,51.4,161,0,43,150,3.5,1,78,311,4,7,12,1,20,5,30,0,1,1
9,2007-11-08,,Texas Christian,W (27-22),26,44,59.1,305,1,34,112,3.3,2,78,417,5.3,14,4,1,19,4,30,1,1,2,2007,24,37,64.9,222,1,39,130,3.3,1,76,352,4.6,13,9,0,22,3,37,0,1,1
10,2007-11-17,@,Wyoming,W (35-10),28,40,70,362,3,36,135,3.8,2,76,497,6.5,16,9,2,27,10,95,0,0,0,2007,24,40,60,268,0,24,9,0.4,1,64,277,4.3,12,3,4,19,5,51,0,1,1
11,2007-11-24,,Utah,W (17-10),17,41,41.5,269,0,33,155,4.7,1,74,424,5.7,11,7,3,21,5,48,1,1,2,2007,17,29,58.6,129,0,39,115,2.9,1,68,244,3.6,8,5,1,14,10,94,0,2,2
12,2007-12-01,@,San Diego State,W (48-27),19,26,73.1,227,3,52,311,6,4,78,538,6.9,10,22,1,33,7,71,0,1,1,2007,33,55,60,288,1,26,68,2.6,2,81,356,4.4,13,7,2,22,7,64,0,1,1
13,2007-12-22,N,UCLA*,W (17-16),21,35,60,231,2,28,34,1.2,0,63,265,4.2,9,6,2,17,2,20,2,0,2,2007,11,29,37.9,154,1,47,162,3.4,0,76,316,4.2,5,13,0,18,5,46,1,1,2
1,2006-09-02,@,Arizona,L (13-16),28,37,75.7,289,1,24,24,1,0,61,313,5.1,12,3,2,17,10,76,2,0,2,2006,19,39,48.7,186,1,24,67,2.8,0,63,253,4,11,2,2,15,8,61,0,1,1
2,2006-09-09,,Tulsa,W (49-24),17,24,70.8,247,4,41,220,5.4,3,65,467,7.2,9,11,2,22,11,90,0,0,0,2006,21,35,60,221,1,31,82,2.6,2,66,303,4.6,14,3,1,18,3,28,0,1,1
3,2006-09-16,@,Boston College,L (23-30),38,60,63.3,436,1,30,111,3.7,1,90,547,6.1,22,5,0,27,10,67,1,2,3,2006,29,48,60.4,356,2,26,115,4.4,2,74,471,6.4,16,5,2,23,2,10,2,2,4
4,2006-09-23,,Utah State,W (38-0),20,28,71.4,305,1,34,136,4,3,62,441,7.1,18,4,1,23,4,55,0,1,1,2006,17,28,60.7,122,0,42,120,2.9,0,70,242,3.5,5,10,2,17,6,46,1,1,2
5,2006-09-28,@,Texas Christian,W (31-17),23,37,62.2,321,3,34,72,2.1,1,71,393,5.5,16,4,0,20,6,57,0,0,0,2006,26,50,52,296,1,32,141,4.4,1,82,437,5.3,16,11,2,29,8,43,1,1,2
6,2006-10-07,,San Diego State,W (47-17),16,21,76.2,267,4,32,152,4.8,2,53,419,7.9,11,8,4,23,5,17,1,0,1,2006,20,32,62.5,216,0,38,141,3.7,2,70,357,5.1,12,7,2,21,10,110,1,1,2
7,2006-10-21,,Nevada-Las Vegas,W (52-7),20,25,80,266,4,41,308,7.5,3,66,574,8.7,11,15,2,28,12,114,0,1,1,2006,19,38,50,216,1,26,92,3.5,0,64,308,4.8,9,5,4,18,7,51,2,4,6
8,2006-10-28,@,Air Force,W (33-14),23,31,74.2,258,3,34,153,4.5,1,65,411,6.3,16,6,0,22,8,50,0,0,0,2006,4,10,40,39,0,49,190,3.9,2,59,229,3.9,2,13,1,16,1,10,1,1,2
9,2006-11-04,@,Colorado State,W (24-3),22,30,73.3,290,0,37,112,3,3,67,402,6,15,6,0,21,6,40,0,1,1,2006,13,23,56.5,125,0,23,26,1.1,0,46,151,3.3,5,2,0,7,5,33,0,0,0
10,2006-11-09,,Wyoming,W (55-7),20,26,76.9,313,2,43,141,3.3,4,69,454,6.6,12,6,0,18,5,35,0,0,0,2006,14,28,50,102,0,23,144,6.3,1,51,246,4.8,5,5,0,10,2,15,0,2,2
11,2006-11-18,,New Mexico,W (42-17),28,42,66.7,464,4,32,189,5.9,2,74,653,8.8,20,9,0,29,4,45,0,2,2,2006,22,39,56.4,245,1,31,173,5.6,0,70,418,6,14,9,1,24,2,15,1,2,3
12,2006-11-25,@,Utah,W (33-31),28,44,63.6,375,4,24,54,2.3,1,68,429,6.3,19,5,3,27,6,53,0,0,0,2006,25,41,61,376,4,33,98,3,0,74,474,6.4,17,7,2,26,6,56,0,0,0
13,2006-12-21,N,Oregon*,W (38-8),28,47,59.6,375,2,31,173,5.6,3,78,548,7,18,8,4,30,7,70,0,2,2,2006,16,34,47.1,166,1,30,94,3.1,0,64,260,4.1,6,8,0,14,8,75,0,2,2
1,2005-09-03,,Boston College,L (3-20),41,60,68.3,330,0,16,8,0.5,0,76,338,4.4,17,3,2,22,10,85,0,0,0,2005,27,35,77.1,232,2,31,133,4.3,0,66,365,5.5,11,10,1,22,6,57,1,0,1
2,2005-09-10,,Eastern Illinois,W (45-10),26,41,63.4,255,3,32,176,5.5,3,73,431,5.9,9,10,2,21,7,42,2,2,4,2005,14,29,48.3,126,0,30,70,2.3,1,59,196,3.3,5,4,0,9,8,78,2,1,3
3,2005-09-24,,Texas Christian,L (50-51),30,51,58.8,517,5,39,97,2.5,1,90,614,6.8,19,8,5,32,10,66,1,2,3,2005,24,50,48,348,2,37,127,3.4,3,87,475,5.5,16,7,2,25,11,92,0,0,0
4,2005-10-01,@,San Diego State,L (10-31),25,49,51,261,0,19,44,2.3,1,68,305,4.5,9,4,2,15,6,51,1,2,3,2005,21,31,67.7,243,0,55,265,4.8,4,86,508,5.9,14,12,0,26,3,26,1,0,1
5,2005-10-08,@,New Mexico,W (27-24),34,44,77.3,371,3,30,93,3.1,1,74,464,6.3,18,7,2,27,7,84,0,1,1,2005,18,28,64.3,218,0,45,244,5.4,3,73,462,6.3,10,12,6,28,9,72,1,0,1
6,2005-10-15,,Colorado State,W (24-14),13,18,72.2,168,1,52,274,5.3,2,70,442,6.3,7,16,0,23,6,55,1,1,2,2005,22,30,73.3,281,2,21,30,1.4,0,51,311,6.1,10,4,1,15,8,50,1,0,1
7,2005-10-22,@,Notre Dame,L (23-49),26,45,57.8,317,2,34,75,2.2,1,79,392,5,17,7,2,26,9,80,0,2,2,2005,32,41,78,467,6,23,44,1.9,0,64,511,8,20,3,4,27,11,77,2,0,2
8,2005-10-29,,Air Force,W (62-41),31,43,72.1,383,3,42,300,7.1,5,85,683,8,20,18,1,39,11,115,1,1,2,2005,17,31,54.8,279,5,38,200,5.3,0,69,479,6.9,9,8,4,21,5,64,2,3,5
9,2005-11-05,@,Nevada-Las Vegas,W (55-14),24,35,68.6,279,3,46,224,4.9,4,81,503,6.2,15,11,3,29,6,50,0,0,0,2005,31,53,58.5,329,1,20,2,0.1,1,73,331,4.5,15,3,1,19,10,81,0,3,3
10,2005-11-12,@,Wyoming,W (35-21),20,29,69,179,2,50,267,5.3,3,79,446,5.6,9,14,3,26,7,65,0,0,0,2005,20,25,80,241,1,33,166,5,2,58,407,7,13,6,2,21,8,80,3,2,5
11,2005-11-19,,Utah,L (34-41),27,48,56.3,309,2,31,176,5.7,2,79,485,6.1,14,5,1,20,9,74,1,0,1,2005,17,35,48.6,240,4,44,251,5.7,1,79,491,6.2,9,13,2,24,12,86,0,0,0
12,2005-12-22,N,California*,L (28-35),35,53,66,352,3,27,94,3.5,1,80,446,5.6,18,6,3,27,12,103,0,2,2,2005,16,23,69.6,228,2,43,241,5.6,3,66,469,7.1,7,16,3,26,9,85,0,0,0
1,2004-09-04,,Notre Dame,W (20-17),22,33,66.7,263,1,35,22,0.6,1,68,285,4.2,10,2,1,13,9,74,1,1,2,2004,26,47,55.3,265,1,21,11,0.5,0,68,276,4.1,9,3,3,15,7,55,1,0,1
2,2004-09-11,@,Stanford,L (10-37),28,56,50,288,0,27,41,1.5,1,83,329,4,17,3,1,21,14,125,3,4,7,2004,20,42,47.6,297,3,35,72,2.1,0,77,369,4.8,11,4,6,21,7,64,2,0,2
3,2004-09-18,,Southern California,L (10-42),18,33,54.5,194,1,25,13,0.5,0,58,207,3.6,9,1,1,11,7,54,1,3,4,2004,22,34,64.7,236,2,51,278,5.5,4,85,514,6,12,13,1,26,8,73,0,1,1
4,2004-09-24,@,Boise State,L (27-28),20,35,57.1,390,2,35,25,0.7,1,70,415,5.9,10,4,1,15,7,39,0,0,0,2004,21,29,72.4,310,2,45,89,2,1,74,399,5.4,12,7,0,19,5,45,1,1,2
5,2004-10-02,@,Colorado State,W (31-21),24,42,57.1,238,1,46,207,4.5,3,88,445,5.1,12,12,3,27,7,69,0,1,1,2004,22,36,61.1,359,1,30,103,3.4,2,66,462,7,13,3,3,19,6,70,1,1,2
6,2004-10-08,,Nevada-Las Vegas,L (20-24),34,68,50,358,1,28,91,3.3,0,96,449,4.7,17,7,2,26,6,59,4,1,5,2004,9,27,33.3,130,1,46,128,2.8,2,73,258,3.5,6,8,1,15,10,85,1,1,2
7,2004-10-16,,Wyoming,W (24-13),11,26,42.3,179,1,44,237,5.4,2,70,416,5.9,7,13,2,22,3,30,2,1,3,2004,23,40,57.5,219,1,37,103,2.8,0,77,322,4.2,10,6,1,17,6,66,0,4,4
8,2004-10-23,@,Air Force,W (41-24),21,32,65.6,354,4,39,173,4.4,0,71,527,7.4,11,9,3,23,9,70,1,1,2,2004,10,24,41.7,150,1,47,213,4.5,2,71,363,5.1,7,11,2,20,9,70,0,0,0
9,2004-11-06,,San Diego State,W (49-16),16,27,59.3,339,3,43,187,4.3,3,70,526,7.5,9,8,1,18,10,75,1,0,1,2004,21,47,44.7,229,1,35,163,4.7,1,82,392,4.8,11,7,3,21,7,48,1,2,3
10,2004-11-13,,New Mexico,L (14-21),23,38,60.5,259,2,34,58,1.7,0,72,317,4.4,12,5,3,20,5,55,2,1,3,2004,7,12,58.3,143,1,46,114,2.5,2,58,257,4.4,6,5,2,13,8,65,0,1,1
11,2004-11-20,@,Utah,L (21-52),17,33,51.5,213,2,27,81,3,1,60,294,4.9,10,5,4,19,6,52,1,1,2,2004,17,26,65.4,184,1,48,354,7.4,5,74,538,7.3,8,15,3,26,8,93,0,2,2
1,2003-08-28,,Georgia Tech,W (24-13),31,47,66,276,3,32,86,2.7,0,79,362,4.6,14,6,2,22,16,132,0,2,2,2003,15,24,62.5,147,0,23,96,4.2,0,47,243,5.2,9,3,3,15,9,82,3,1,4
2,2003-09-06,@,Southern California,L (18-35),29,46,63,313,1,26,46,1.8,0,72,359,5,13,3,3,19,10,91,2,3,5,2003,19,34,55.9,235,3,33,71,2.2,1,67,306,4.6,10,4,3,17,7,69,0,3,3
3,2003-09-13,@,New Mexico,W (10-7),20,37,54.1,172,1,29,136,4.7,0,66,308,4.7,7,6,1,14,7,74,0,0,0,2003,11,24,45.8,141,0,48,171,3.6,1,72,312,4.3,6,9,3,18,6,32,1,0,1
4,2003-09-20,,Stanford,L (14-18),23,46,50,310,2,25,-5,-0.2,0,71,305,4.3,10,2,2,14,8,76,3,2,5,2003,11,24,45.8,56,0,44,144,3.3,2,68,200,2.9,1,11,1,13,7,56,0,2,2
5,2003-09-27,,Air Force,L (10-24),19,36,52.8,193,1,36,113,3.1,0,72,306,4.3,10,7,1,18,7,50,1,0,1,2003,12,22,54.5,134,1,47,194,4.1,2,69,328,4.8,5,10,2,17,2,20,0,1,1
6,2003-10-04,@,San Diego State,W (44-36),17,27,63,180,2,45,238,5.3,2,72,418,5.8,9,6,3,18,5,55,3,0,3,2003,18,35,51.4,352,3,34,40,1.2,0,69,392,5.7,11,3,2,16,7,70,2,1,3
7,2003-10-09,,Colorado State,L (13-58),11,27,40.7,139,1,38,130,3.4,0,65,269,4.1,5,8,1,14,5,50,2,2,4,2003,10,15,66.7,232,3,51,214,4.2,4,66,446,6.8,7,11,2,20,2,20,2,0,2
8,2003-10-18,@,Wyoming,L (10-13),21,36,58.3,225,0,36,103,2.9,1,72,328,4.6,12,7,0,19,10,56,1,2,3,2003,20,32,62.5,140,0,32,85,2.7,0,64,225,3.5,8,7,3,18,1,5,1,2,3
9,2003-10-25,@,Nevada-Las Vegas,W (27-20),31,44,70.5,274,2,37,58,1.6,1,81,332,4.1,13,9,0,22,4,39,3,2,5,2003,14,36,38.9,161,1,44,110,2.5,1,80,271,3.4,9,7,2,18,3,20,1,1,2
10,2003-10-30,,Boise State,L (12-50),21,59,35.6,207,0,35,122,3.5,1,94,329,3.5,12,6,4,22,4,39,0,4,4,2003,12,24,50,247,2,45,134,3,3,69,381,5.5,8,8,3,19,6,75,0,1,1
11,2003-11-15,@,Notre Dame,L (14-33),18,30,60,250,0,26,53,2,2,56,303,5.4,8,4,1,13,5,40,1,3,4,2003,15,30,50,156,0,50,204,4.1,3,80,360,4.5,7,10,2,19,3,30,0,1,1
12,2003-11-22,,Utah,L (0-3),4,14,28.6,41,0,32,115,3.6,0,46,156,3.4,1,6,2,9,6,64,1,2,3,2003,11,20,55,113,0,46,107,2.3,0,66,220,3.3,4,7,3,14,9,80,1,1,2
1,2002-08-29,,Syracuse,W (42-21),36,55,65.5,397,3,39,218,5.6,3,94,615,6.5,20,8,3,31,13,116,2,1,3,2002,8,24,33.3,128,0,42,198,4.7,3,66,326,4.9,7,9,2,18,7,65,1,2,3
2,2002-09-06,,Hawaii,W (35-32),21,48,43.8,226,1,48,168,3.5,4,96,394,4.1,9,14,2,25,11,69,0,0,0,2002,22,55,40,284,2,30,171,5.7,2,85,455,5.4,13,7,2,22,7,72,0,4,4
3,2002-09-14,@,Nevada,L (28-31),19,37,51.4,192,2,30,164,5.5,2,67,356,5.3,9,5,1,15,13,140,0,1,1,2002,28,37,75.7,410,4,38,119,3.1,0,75,529,7.1,15,8,2,25,9,82,2,1,3
4,2002-09-21,@,Georgia Tech,L (19-28),28,57,49.1,274,1,27,79,2.9,1,84,353,4.2,16,5,0,21,7,31,1,3,4,2002,11,26,42.3,117,0,50,210,4.2,4,76,327,4.3,6,11,2,19,6,49,0,3,3
5,2002-10-04,@,Utah State,W (35-34),28,45,62.2,312,2,55,269,4.9,3,100,581,5.8,14,15,2,31,10,71,1,1,2,2002,24,57,42.1,331,0,18,129,7.2,3,75,460,6.1,14,4,3,21,5,42,0,3,3
6,2002-10-12,@,Air Force,L (9-52),23,46,50,325,1,18,-21,-1.2,0,64,304,4.8,14,3,1,18,3,5,1,4,5,2002,4,9,44.4,77,0,79,386,4.9,7,88,463,5.3,2,25,1,28,3,30,0,0,0
7,2002-10-19,,Nevada-Las Vegas,L (3-24),23,43,53.5,275,0,39,133,3.4,0,82,408,5,15,9,0,24,10,84,2,2,4,2002,12,16,75,155,0,45,164,3.6,1,61,319,5.2,7,9,3,19,2,13,3,0,3
8,2002-10-24,@,Colorado State,L (10-37),17,26,65.4,148,0,29,65,2.2,1,55,213,3.9,7,4,0,11,2,12,3,1,4,2002,11,23,47.8,151,0,56,342,6.1,4,79,493,6.2,6,18,0,24,2,10,1,0,1
9,2002-11-02,,San Diego State,W (34-10),20,33,60.6,289,3,36,114,3.2,1,69,403,5.8,10,6,1,17,11,96,1,3,4,2002,26,46,56.5,228,1,28,18,0.6,0,74,246,3.3,13,2,3,18,6,24,1,1,2
10,2002-11-09,,Wyoming,W (35-31),31,45,68.9,360,3,46,172,3.7,2,91,532,5.8,19,10,1,30,5,46,1,2,3,2002,21,36,58.3,283,1,30,76,2.5,2,66,359,5.4,13,4,1,18,2,21,1,1,2
11,2002-11-16,,New Mexico,L (16-20),11,32,34.4,94,0,30,94,3.1,0,62,188,3,7,3,0,10,6,29,0,2,2,2002,11,22,50,155,1,49,145,3,2,71,300,4.2,5,8,1,14,4,37,1,2,3
12,2002-11-23,@,Utah,L (6-13),20,34,58.8,237,0,23,-2,-0.1,0,57,235,4.1,10,1,2,13,8,80,2,1,3,2002,18,26,69.2,164,0,53,175,3.3,1,79,339,4.3,11,12,2,25,5,55,0,1,1
1,2001-08-25,,Tulane,W (70-35),27,33,81.8,297,3,49,437,8.9,7,82,734,9,12,17,1,30,7,68,1,0,1,2001,23,49,46.9,289,3,43,219,5.1,2,92,508,5.5,13,13,1,27,5,35,0,1,1
2,2001-09-01,,Nevada,W (52-7),25,40,62.5,389,2,38,209,5.5,5,78,598,7.7,17,9,0,26,5,30,0,0,0,2001,15,28,53.6,127,0,36,160,4.4,1,64,287,4.5,7,10,0,17,7,45,0,1,1
3,2001-09-08,@,California,W (44-16),19,28,67.9,295,3,35,193,5.5,3,63,488,7.7,11,12,3,26,10,98,0,0,0,2001,23,38,60.5,291,2,36,120,3.3,0,74,411,5.6,16,7,3,26,9,105,2,1,3
4,2001-09-29,@,Nevada-Las Vegas,W (35-31),23,38,60.5,281,2,35,167,4.8,2,73,448,6.1,10,14,2,26,6,44,3,1,4,2001,11,18,61.1,132,0,49,189,3.9,3,67,321,4.8,7,10,1,18,3,34,1,2,3
5,2001-10-05,,Utah State,W (54-34),25,35,71.4,304,4,42,259,6.2,4,77,563,7.3,12,15,3,30,12,131,0,1,1,2001,25,43,58.1,283,2,33,143,4.3,3,76,426,5.6,15,9,2,26,13,141,0,2,2
6,2001-10-13,@,New Mexico,W (24-20),22,41,53.7,258,3,31,107,3.5,0,72,365,5.1,11,8,1,20,2,10,0,0,0,2001,18,35,51.4,180,1,48,198,4.1,1,83,378,4.6,9,14,0,23,4,40,0,3,3
7,2001-10-20,,Air Force,W (63-33),27,43,62.8,408,5,37,203,5.5,4,80,611,7.6,20,8,1,29,4,29,0,0,0,2001,12,22,54.5,168,1,52,334,6.4,4,74,502,6.8,6,15,0,21,5,37,0,1,1
8,2001-10-27,@,San Diego State,W (59-21),19,24,79.2,266,3,37,184,5,3,61,450,7.4,9,8,3,20,4,36,2,0,2,2001,14,33,42.4,130,1,41,285,7,2,74,415,5.6,6,13,0,19,8,88,2,3,5
9,2001-11-01,,Colorado State,W (56-34),21,27,77.8,284,1,45,410,9.1,7,72,694,9.6,13,20,0,33,10,83,1,1,2,2001,12,26,46.2,158,1,58,440,7.6,2,84,598,7.1,7,19,3,29,6,48,1,3,4
10,2001-11-10,@,Wyoming,W (41-34),23,38,60.5,268,1,41,247,6,4,79,515,6.5,16,8,0,24,6,40,3,1,4,2001,24,52,46.2,358,1,37,118,3.2,3,89,476,5.3,15,7,1,23,5,45,0,1,1
11,2001-11-17,,Utah,W (24-21),21,42,50,270,2,32,180,5.6,1,74,450,6.1,11,10,0,21,6,79,1,1,2,2001,16,32,50,189,1,46,168,3.7,2,78,357,4.6,10,10,3,23,5,26,1,1,2
12,2001-12-01,@,Mississippi State,W (41-38),23,32,71.9,390,5,43,139,3.2,0,75,529,7.1,14,11,3,28,9,70,1,3,4,2001,20,28,71.4,346,3,27,160,5.9,2,55,506,9.2,11,6,2,19,10,127,2,1,3
13,2001-12-08,@,Hawaii,L (45-72),40,65,61.5,515,5,40,97,2.4,1,105,612,5.8,24,8,6,38,12,110,6,1,7,2001,29,52,55.8,543,8,21,103,4.9,0,73,646,8.8,20,8,3,31,15,168,4,1,5
1,2000-08-26,@,Florida State,L (3-29),18,46,39.1,227,0,24,-2,-0.1,0,70,225,3.2,17,5,3,25,11,93,0,3,3,2000,32,51,62.7,318,2,36,57,1.6,2,87,375,4.3,11,1,6,18,10,90,1,0,1
2,2000-09-02,@,Virginia,W (38-35),34,42,81,447,2,34,93,2.7,3,76,540,7.1,15,10,0,25,6,45,1,2,3,2000,13,23,56.5,217,1,42,270,6.4,4,65,487,7.5,9,10,0,19,2,15,0,1,1
3,2000-09-09,@,Air Force,L (23-31),18,40,45,235,1,26,125,4.8,1,66,360,5.5,12,8,1,21,5,32,2,1,3,2000,11,16,68.8,203,4,53,186,3.5,0,69,389,5.6,9,7,2,18,7,45,0,0,0
4,2000-09-14,,Mississippi State,L (28-44),27,50,54,268,2,32,74,2.3,2,82,342,4.2,13,6,8,27,7,57,2,2,4,2000,13,20,65,167,1,32,217,6.8,2,52,384,7.4,5,9,0,14,16,132,2,0,2
5,2000-09-23,,Nevada-Las Vegas,W (10-7),15,29,51.7,157,0,47,196,4.2,1,76,353,4.6,4,15,0,19,6,57,0,1,1,2000,11,17,64.7,202,0,33,41,1.2,1,50,243,4.9,6,4,0,10,1,5,1,1,2
6,2000-09-30,@,Syracuse,L (14-42),24,44,54.5,272,2,21,21,1,0,65,293,4.5,15,1,3,19,8,42,1,0,1,2000,10,12,83.3,228,2,50,224,4.5,4,62,452,7.3,7,9,0,16,8,61,0,0,0
7,2000-10-06,,Utah State,W (38-14),25,39,64.1,335,1,38,198,5.2,4,77,533,6.9,16,11,2,29,4,45,0,0,0,2000,22,34,64.7,209,1,25,11,0.4,1,59,220,3.7,11,3,2,16,3,35,1,0,1
8,2000-10-21,,San Diego State,L (15-16),34,58,58.6,376,1,34,63,1.9,0,92,439,4.8,21,4,2,27,11,159,1,0,1,2000,14,30,46.7,239,0,28,70,2.5,2,58,309,5.3,8,6,2,16,4,50,2,0,2
9,2000-10-26,,Wyoming,W (19-7),22,34,64.7,225,0,40,128,3.2,2,74,353,4.8,8,10,0,18,5,50,3,1,4,2000,19,30,63.3,169,1,36,68,1.9,0,66,237,3.6,11,6,1,18,5,21,1,4,5
10,2000-11-02,@,Colorado State,L (21-45),18,41,43.9,120,1,16,57,3.6,2,57,177,3.1,6,3,0,9,8,56,2,3,5,2000,19,31,61.3,298,3,43,165,3.8,3,74,463,6.3,11,9,2,22,3,25,3,0,3
11,2000-11-18,,New Mexico,W (37-13),21,35,60,349,0,44,149,3.4,4,79,498,6.3,16,5,1,22,5,52,1,1,2,2000,11,28,39.3,178,1,33,90,2.7,0,61,268,4.4,7,6,1,14,8,65,2,0,2
12,2000-11-24,@,Utah,W (34-27),16,29,55.2,284,1,42,100,2.4,2,71,384,5.4,9,8,4,21,7,69,0,1,1,2000,16,34,47.1,252,1,30,70,2.3,1,64,322,5,9,4,1,14,7,84,1,1,2
